<?xml version="1.0" encoding="UTF-8"?>
<root>
  <item name="com.google.android.exoplayer2.ExoPlaybackException ExoPlaybackException(int, java.lang.String, java.lang.Throwable, int) 0">
    <annotation name="android.support.annotation.IntDef">
      <val name="value" val="{com.google.android.exoplayer2.ExoPlaybackException.TYPE_SOURCE, com.google.android.exoplayer2.ExoPlaybackException.TYPE_RENDERER, com.google.android.exoplayer2.ExoPlaybackException.TYPE_UNEXPECTED}" />
    </annotation>
  </item>
  <item name="com.google.android.exoplayer2.ExoPlaybackException type">
    <annotation name="android.support.annotation.IntDef">
      <val name="value" val="{com.google.android.exoplayer2.ExoPlaybackException.TYPE_SOURCE, com.google.android.exoplayer2.ExoPlaybackException.TYPE_RENDERER, com.google.android.exoplayer2.ExoPlaybackException.TYPE_UNEXPECTED}" />
    </annotation>
  </item>
  <item name="com.google.android.exoplayer2.Format Format(java.lang.String, java.lang.String, java.lang.String, java.lang.String, int, int, int, int, float, int, float, byte[], int, int, int, int, int, int, int, java.lang.String, long, java.util.List&lt;byte[]&gt;, com.google.android.exoplayer2.drm.DrmInitData) 12">
    <annotation name="android.support.annotation.IntDef">
      <val name="value" val="{com.google.android.exoplayer2.Format.NO_VALUE, com.google.android.exoplayer2.C.STEREO_MODE_MONO, com.google.android.exoplayer2.C.STEREO_MODE_TOP_BOTTOM, com.google.android.exoplayer2.C.STEREO_MODE_LEFT_RIGHT}" />
    </annotation>
  </item>
  <item name="com.google.android.exoplayer2.Format Format(java.lang.String, java.lang.String, java.lang.String, java.lang.String, int, int, int, int, float, int, float, byte[], int, int, int, int, int, int, int, java.lang.String, long, java.util.List&lt;byte[]&gt;, com.google.android.exoplayer2.drm.DrmInitData) 15">
    <annotation name="android.support.annotation.IntDef">
      <val name="value" val="{com.google.android.exoplayer2.Format.NO_VALUE, com.google.android.exoplayer2.C.ENCODING_INVALID, com.google.android.exoplayer2.C.ENCODING_PCM_8BIT, com.google.android.exoplayer2.C.ENCODING_PCM_16BIT, com.google.android.exoplayer2.C.ENCODING_PCM_24BIT, com.google.android.exoplayer2.C.ENCODING_PCM_32BIT}" />
    </annotation>
  </item>
  <item name="com.google.android.exoplayer2.Format Format(java.lang.String, java.lang.String, java.lang.String, java.lang.String, int, int, int, int, float, int, float, byte[], int, int, int, int, int, int, int, java.lang.String, long, java.util.List&lt;byte[]&gt;, com.google.android.exoplayer2.drm.DrmInitData) 18">
    <annotation name="android.support.annotation.IntDef">
      <val name="flag" val="true" />
      <val name="value" val="{com.google.android.exoplayer2.C.SELECTION_FLAG_DEFAULT, com.google.android.exoplayer2.C.SELECTION_FLAG_FORCED, com.google.android.exoplayer2.C.SELECTION_FLAG_AUTOSELECT}" />
    </annotation>
  </item>
  <item name="com.google.android.exoplayer2.Format com.google.android.exoplayer2.Format copyWithContainerInfo(java.lang.String, java.lang.String, int, int, int, int, java.lang.String) 5">
    <annotation name="android.support.annotation.IntDef">
      <val name="flag" val="true" />
      <val name="value" val="{com.google.android.exoplayer2.C.SELECTION_FLAG_DEFAULT, com.google.android.exoplayer2.C.SELECTION_FLAG_FORCED, com.google.android.exoplayer2.C.SELECTION_FLAG_AUTOSELECT}" />
    </annotation>
  </item>
  <item name="com.google.android.exoplayer2.Format com.google.android.exoplayer2.Format createAudioContainerFormat(java.lang.String, java.lang.String, java.lang.String, java.lang.String, int, int, int, java.util.List&lt;byte[]&gt;, int, java.lang.String) 8">
    <annotation name="android.support.annotation.IntDef">
      <val name="flag" val="true" />
      <val name="value" val="{com.google.android.exoplayer2.C.SELECTION_FLAG_DEFAULT, com.google.android.exoplayer2.C.SELECTION_FLAG_FORCED, com.google.android.exoplayer2.C.SELECTION_FLAG_AUTOSELECT}" />
    </annotation>
  </item>
  <item name="com.google.android.exoplayer2.Format com.google.android.exoplayer2.Format createAudioSampleFormat(java.lang.String, java.lang.String, java.lang.String, int, int, int, int, int, int, int, java.util.List&lt;byte[]&gt;, com.google.android.exoplayer2.drm.DrmInitData, int, java.lang.String) 12">
    <annotation name="android.support.annotation.IntDef">
      <val name="flag" val="true" />
      <val name="value" val="{com.google.android.exoplayer2.C.SELECTION_FLAG_DEFAULT, com.google.android.exoplayer2.C.SELECTION_FLAG_FORCED, com.google.android.exoplayer2.C.SELECTION_FLAG_AUTOSELECT}" />
    </annotation>
  </item>
  <item name="com.google.android.exoplayer2.Format com.google.android.exoplayer2.Format createAudioSampleFormat(java.lang.String, java.lang.String, java.lang.String, int, int, int, int, int, int, int, java.util.List&lt;byte[]&gt;, com.google.android.exoplayer2.drm.DrmInitData, int, java.lang.String) 7">
    <annotation name="android.support.annotation.IntDef">
      <val name="value" val="{com.google.android.exoplayer2.Format.NO_VALUE, com.google.android.exoplayer2.C.ENCODING_INVALID, com.google.android.exoplayer2.C.ENCODING_PCM_8BIT, com.google.android.exoplayer2.C.ENCODING_PCM_16BIT, com.google.android.exoplayer2.C.ENCODING_PCM_24BIT, com.google.android.exoplayer2.C.ENCODING_PCM_32BIT}" />
    </annotation>
  </item>
  <item name="com.google.android.exoplayer2.Format com.google.android.exoplayer2.Format createAudioSampleFormat(java.lang.String, java.lang.String, java.lang.String, int, int, int, int, int, java.util.List&lt;byte[]&gt;, com.google.android.exoplayer2.drm.DrmInitData, int, java.lang.String) 10">
    <annotation name="android.support.annotation.IntDef">
      <val name="flag" val="true" />
      <val name="value" val="{com.google.android.exoplayer2.C.SELECTION_FLAG_DEFAULT, com.google.android.exoplayer2.C.SELECTION_FLAG_FORCED, com.google.android.exoplayer2.C.SELECTION_FLAG_AUTOSELECT}" />
    </annotation>
  </item>
  <item name="com.google.android.exoplayer2.Format com.google.android.exoplayer2.Format createAudioSampleFormat(java.lang.String, java.lang.String, java.lang.String, int, int, int, int, int, java.util.List&lt;byte[]&gt;, com.google.android.exoplayer2.drm.DrmInitData, int, java.lang.String) 7">
    <annotation name="android.support.annotation.IntDef">
      <val name="value" val="{com.google.android.exoplayer2.Format.NO_VALUE, com.google.android.exoplayer2.C.ENCODING_INVALID, com.google.android.exoplayer2.C.ENCODING_PCM_8BIT, com.google.android.exoplayer2.C.ENCODING_PCM_16BIT, com.google.android.exoplayer2.C.ENCODING_PCM_24BIT, com.google.android.exoplayer2.C.ENCODING_PCM_32BIT}" />
    </annotation>
  </item>
  <item name="com.google.android.exoplayer2.Format com.google.android.exoplayer2.Format createAudioSampleFormat(java.lang.String, java.lang.String, java.lang.String, int, int, int, int, java.util.List&lt;byte[]&gt;, com.google.android.exoplayer2.drm.DrmInitData, int, java.lang.String) 9">
    <annotation name="android.support.annotation.IntDef">
      <val name="flag" val="true" />
      <val name="value" val="{com.google.android.exoplayer2.C.SELECTION_FLAG_DEFAULT, com.google.android.exoplayer2.C.SELECTION_FLAG_FORCED, com.google.android.exoplayer2.C.SELECTION_FLAG_AUTOSELECT}" />
    </annotation>
  </item>
  <item name="com.google.android.exoplayer2.Format com.google.android.exoplayer2.Format createTextContainerFormat(java.lang.String, java.lang.String, java.lang.String, java.lang.String, int, int, java.lang.String) 5">
    <annotation name="android.support.annotation.IntDef">
      <val name="flag" val="true" />
      <val name="value" val="{com.google.android.exoplayer2.C.SELECTION_FLAG_DEFAULT, com.google.android.exoplayer2.C.SELECTION_FLAG_FORCED, com.google.android.exoplayer2.C.SELECTION_FLAG_AUTOSELECT}" />
    </annotation>
  </item>
  <item name="com.google.android.exoplayer2.Format com.google.android.exoplayer2.Format createTextSampleFormat(java.lang.String, java.lang.String, java.lang.String, int, int, java.lang.String, com.google.android.exoplayer2.drm.DrmInitData) 4">
    <annotation name="android.support.annotation.IntDef">
      <val name="flag" val="true" />
      <val name="value" val="{com.google.android.exoplayer2.C.SELECTION_FLAG_DEFAULT, com.google.android.exoplayer2.C.SELECTION_FLAG_FORCED, com.google.android.exoplayer2.C.SELECTION_FLAG_AUTOSELECT}" />
    </annotation>
  </item>
  <item name="com.google.android.exoplayer2.Format com.google.android.exoplayer2.Format createTextSampleFormat(java.lang.String, java.lang.String, java.lang.String, int, int, java.lang.String, com.google.android.exoplayer2.drm.DrmInitData, long) 4">
    <annotation name="android.support.annotation.IntDef">
      <val name="flag" val="true" />
      <val name="value" val="{com.google.android.exoplayer2.C.SELECTION_FLAG_DEFAULT, com.google.android.exoplayer2.C.SELECTION_FLAG_FORCED, com.google.android.exoplayer2.C.SELECTION_FLAG_AUTOSELECT}" />
    </annotation>
  </item>
  <item name="com.google.android.exoplayer2.Format com.google.android.exoplayer2.Format createVideoSampleFormat(java.lang.String, java.lang.String, java.lang.String, int, int, int, int, float, java.util.List&lt;byte[]&gt;, int, float, byte[], int, com.google.android.exoplayer2.drm.DrmInitData) 12">
    <annotation name="android.support.annotation.IntDef">
      <val name="value" val="{com.google.android.exoplayer2.Format.NO_VALUE, com.google.android.exoplayer2.C.STEREO_MODE_MONO, com.google.android.exoplayer2.C.STEREO_MODE_TOP_BOTTOM, com.google.android.exoplayer2.C.STEREO_MODE_LEFT_RIGHT}" />
    </annotation>
  </item>
  <item name="com.google.android.exoplayer2.Format pcmEncoding">
    <annotation name="android.support.annotation.IntDef">
      <val name="value" val="{com.google.android.exoplayer2.Format.NO_VALUE, com.google.android.exoplayer2.C.ENCODING_INVALID, com.google.android.exoplayer2.C.ENCODING_PCM_8BIT, com.google.android.exoplayer2.C.ENCODING_PCM_16BIT, com.google.android.exoplayer2.C.ENCODING_PCM_24BIT, com.google.android.exoplayer2.C.ENCODING_PCM_32BIT}" />
    </annotation>
  </item>
  <item name="com.google.android.exoplayer2.Format selectionFlags">
    <annotation name="android.support.annotation.IntDef">
      <val name="flag" val="true" />
      <val name="value" val="{com.google.android.exoplayer2.C.SELECTION_FLAG_DEFAULT, com.google.android.exoplayer2.C.SELECTION_FLAG_FORCED, com.google.android.exoplayer2.C.SELECTION_FLAG_AUTOSELECT}" />
    </annotation>
  </item>
  <item name="com.google.android.exoplayer2.Format stereoMode">
    <annotation name="android.support.annotation.IntDef">
      <val name="value" val="{com.google.android.exoplayer2.Format.NO_VALUE, com.google.android.exoplayer2.C.STEREO_MODE_MONO, com.google.android.exoplayer2.C.STEREO_MODE_TOP_BOTTOM, com.google.android.exoplayer2.C.STEREO_MODE_LEFT_RIGHT}" />
    </annotation>
  </item>
</root>

